display_name,nfl_position,draft_year,pick,forty,ten_yd_split,s5,burst,pressure,rush_snaps
Mekhi Wingo,DT,2024,189,4.85,1.64,7.2,0.49,6.8,132.0
Eric Watts,DE,2024,262,4.67,1.65,7.37,0.47,3.6,225.0
Justin Eboigbe,DE,2024,105,5.18,1.8,6.73,0.36,7.1,253.0
Byron Murphy,DT,2024,16,4.87,1.69,7.05,0.36,8.9,682.0
Cedric Johnson,DE,2024,214,4.63,1.61,7.3,0.36,12.5,216.0
Adetomiwa Adebawore,DT,2023,110,4.49,1.61,7.38,0.29,8.6,511.0
Tyrion Ingram-Dawkins,DE,2025,139,4.86,1.69,6.38,-0.33,5.3,113.0
Tyler Baron,DE,2025,176,4.62,1.61,6.63,-0.32,4.4,68.0
Nazir Stackhouse,DT,2025,262,5.15,1.8,6.11,-0.3,1.4,71.0
Barryn Sorrell,DE,2025,124,4.68,1.65,6.6,-0.29,6.7,119.0
